{
  "prusti-tests/tests/verify/pass/rosetta/Knuth_shuffle.rs": [
    2.9563893510003254,
    2.7890573019994918,
    2.747910521000449,
    2.7629837960002988,
    2.740149950999694,
    2.7753773860004003,
    2.715197898000042,
    2.782426702000521,
    2.7310371269995812,
    2.753613306000261
  ],
  "prusti-tests/tests/verify/pass/demos/account.rs": [
    2.601440534000176,
    2.609860383000523,
    2.60477091499979,
    2.6108756129997346,
    2.595339934000549,
    2.58789599299962,
    2.5998372229996676,
    2.606156877999638,
    2.603246601000137,
    2.5792901610002446
  ],
  "prusti-tests/tests/verify/pass/rosetta/Knights_tour.rs": [
    84.89381940000021,
    90.8939424070004,
    85.79664498700004,
    83.57890150799994,
    84.99374511699989,
    85.37972601899946,
    86.58094136300042,
    87.8044370030002,
    90.38449974099967,
    85.1370640340001
  ],
  "prusti-tests/tests/verify/pass/quick/fold-unfold.rs": [
    1.7478904700001294,
    1.7370580840006369,
    1.7164927220001118,
    1.753258908999669,
    1.7255453460002173,
    1.7054149810001036,
    1.7418072549999124,
    1.7348165930006871,
    1.7046148640001775,
    1.7760759370003143
  ],
  "prusti-tests/tests/verify/pass/quick/moves.rs": [
    2.1041628929997387,
    2.1296311420001075,
    2.1227939410000545,
    2.086838123000234,
    2.1335655009997936,
    2.1062957789999928,
    2.1311865049992775,
    2.137808520999897,
    2.1199417590005396,
    2.1260662349995982
  ],
  "prusti-tests/tests/verify/pass/quick/mut-borrows.rs": [
    4.150862957999379,
    4.23647939500006,
    4.235216752999804,
    4.213469104000069,
    4.231435438000517,
    4.245382252000127,
    4.242565139999897,
    4.21162051400006,
    4.251883292999992,
    4.18779881699993
  ],
  "prusti-tests/tests/verify/pass/quick/shared-borrows.rs": [
    2.7395456879994526,
    2.6858527800004595,
    2.7529807099999744,
    2.722076694999487,
    2.7021985549999954,
    2.7265684169997257,
    2.6659222309999677,
    2.6692730530003246,
    2.653610553999897,
    2.670568268000352
  ],
  "prusti-tests/tests/verify/pass/quick/trait-contracts-refinement.rs": [
    2.222379331999946,
    2.258543785999791,
    2.2175863200000094,
    2.2330674559998442,
    2.2064529079998465,
    2.2113142639991565,
    2.2296113499996864,
    2.1966792129996975,
    2.2479321559994787,
    2.1970335120004165
  ],
  "prusti-tests/tests/verify/pass/quick/routes.rs": [
    6.517967813000723,
    6.250886092999281,
    6.167564451000544,
    6.241177554999922,
    6.332432607000555,
    6.320962471999337,
    6.292273283000213,
    6.3060545480002475,
    6.3565020799997,
    6.363061297000058
  ],
  "prusti-tests/tests/verify/pass/quick/fibonacci.rs": [
    8.400190020000082,
    8.134278418999202,
    8.157685805000256,
    8.096848441000475,
    8.15056042299966,
    8.256976716999816,
    8.543851323000126,
    8.45143091800037,
    8.3582777670008,
    8.333457316999556
  ],
  "prusti-tests/tests/verify/pass/pure-fn/len-lookup.rs": [
    5.170356781999544,
    5.044545920000019,
    5.0109484149998025,
    5.032136629999513,
    5.000536982000085,
    5.104436025999348,
    5.12354565700025,
    5.093572922999556,
    5.190626537999378,
    5.1220335410007465
  ],
  "prusti-tests/tests/verify/pass/pure-fn/quantifiers.rs": [
    2.9740709930001685,
    3.03222591299982,
    2.9662612569991325,
    3.036782680000215,
    3.014673583000331,
    2.970975129999715,
    3.042704827000307,
    2.918082936999781,
    2.9527503250001246,
    2.927145054999528
  ],
  "prusti-tests/tests/verify/pass/pure-fn/recursive-pure-fn.rs": [
    2.6193849910005156,
    2.6504254420005964,
    2.692133130000002,
    2.7266131309997945,
    2.6904013000003033,
    2.7129602679997333,
    2.648354640999969,
    2.7335468599994783,
    2.6742809790002866,
    2.7596157980005955
  ],
  "prusti-tests/tests/verify/pass/pure-fn/ref-mut-arg.rs": [
    3.852948847999869,
    3.873910590000378,
    3.7926951720000943,
    3.813924777000466,
    3.836985210000421,
    3.8261093259998233,
    3.7741484520001904,
    3.7710169530000712,
    3.754917779999232,
    3.7572524860006524
  ],
  "prusti-tests/tests/verify/pass/rosetta/Ackermann_function.rs": [
    2.4554147270000612,
    2.472586083999886,
    2.457017022999935,
    2.4762381169994114,
    2.4693116929993266,
    2.4687733840000874,
    2.4634904710001138,
    2.45962709000014,
    2.4520952319999196,
    2.4845701389995156
  ],
  "prusti-tests/tests/verify/pass/rosetta/Heapsort.rs": [
    11.223925253999369,
    11.210938422000254,
    11.11013833800007,
    11.041476499000055,
    11.044236396000088,
    11.061454278999918,
    10.919979711999986,
    10.996103284000128,
    10.99741550500039,
    10.999236030999782
  ]
}