{
  "prusti-tests/tests/verify/pass/rosetta/Knuth_shuffle.rs": [
    4.38408074200197,
    4.216762415999256,
    4.1985233729974425,
    4.155688922000991,
    4.176499769000657,
    4.184058853999886,
    4.206792809000035,
    4.176349243000004,
    4.128124540999124,
    4.115076759000658
  ],
  "prusti-tests/tests/verify/pass/demos/account.rs": [
    2.681599540002935,
    2.6812551080001867,
    2.6749634240004525,
    2.6892190340004163,
    2.6667096720011614,
    2.6837826349983516,
    2.649394477997703,
    2.696284196998022,
    2.710128361999523,
    2.6945585159992334
  ],
  "prusti-tests/tests/verify/pass/rosetta/Knights_tour.rs": [
    601.2065542049968,
    2472.720541628998,
    608.9790546450022,
    2426.2551536070023,
    595.134839033999,
    610.4899690530001,
    677.9309550689977,
    597.8361058690025,
    647.0956839570026,
    612.4903926020015
  ],
  "prusti-tests/tests/verify/pass/quick/fold-unfold.rs": [
    1.7559835519969056,
    1.758565644002374,
    1.7726930850003555,
    1.7485149480016844,
    1.758749207998335,
    1.7503775429977395,
    1.743413503998454,
    1.7583372310000414,
    1.757443335998687,
    1.7481342300015967
  ],
  "prusti-tests/tests/verify/pass/quick/moves.rs": [
    2.2060193229990546,
    2.1463237639982253,
    2.158388099000149,
    2.143047770998237,
    2.1407946689978417,
    2.15842590900138,
    2.138214885002526,
    2.1647624420002103,
    2.134063913999853,
    2.1652261529998214
  ],
  "prusti-tests/tests/verify/pass/quick/mut-borrows.rs": [
    4.3824972299989895,
    4.378764973000216,
    4.40042510299827,
    4.397020770000381,
    4.379667867000535,
    4.388444290001644,
    4.387506210998254,
    4.381342519998725,
    4.398285676998057,
    4.35320578000028
  ],
  "prusti-tests/tests/verify/pass/quick/shared-borrows.rs": [
    2.6829665529985505,
    2.6484246639993216,
    2.6919206290003785,
    2.6879594400015776,
    2.64820545800103,
    2.683628705999581,
    2.658515045000968,
    2.6805888609997055,
    2.6669239630027732,
    2.7297603970000637
  ],
  "prusti-tests/tests/verify/pass/quick/trait-contracts-refinement.rs": [
    2.288140411998029,
    2.286985310998716,
    2.253029069001059,
    2.2764255100009905,
    2.2589075110008707,
    2.2496236929982842,
    2.285700229000213,
    2.2359451379998063,
    2.2702129580029577,
    2.2376296509974054
  ],
  "prusti-tests/tests/verify/pass/quick/routes.rs": [
    6.7766504760002135,
    6.642531522000354,
    6.524214256001869,
    6.523339676998148,
    6.513114642999426,
    6.468177615999593,
    6.487114768999163,
    6.4945514960018045,
    6.511213445999601,
    6.450818880999577
  ],
  "prusti-tests/tests/verify/pass/quick/fibonacci.rs": [
    11.197495360996982,
    11.196573215998797,
    11.200470937001228,
    11.152094910001324,
    11.185531347997312,
    11.141463953001221,
    11.157048273998953,
    11.15584167400084,
    11.157565437002631,
    11.221567761000188
  ],
  "prusti-tests/tests/verify/pass/pure-fn/len-lookup.rs": [
    5.252539130000514,
    5.252393357000983,
    5.207462040998507,
    5.307833145001496,
    5.247272472999612,
    5.253510269001708,
    5.25410858900068,
    5.260471004999999,
    5.233712326997193,
    5.26197306800168
  ],
  "prusti-tests/tests/verify/pass/pure-fn/quantifiers.rs": [
    3.1459223689998908,
    3.0660255559996585,
    3.0791589450018364,
    3.065606009997282,
    3.039623886001209,
    3.079288116998214,
    3.0446167850022903,
    3.0426891569986765,
    3.0583944209975016,
    3.040394338000624
  ],
  "prusti-tests/tests/verify/pass/pure-fn/recursive-pure-fn.rs": [
    2.774956241999462,
    2.722064779998618,
    2.7828232089996163,
    2.748606129000109,
    2.7278662509997957,
    2.7524882049983717,
    2.730821029999788,
    2.768414271999063,
    2.733198980000452,
    2.7958032169990474
  ],
  "prusti-tests/tests/verify/pass/pure-fn/ref-mut-arg.rs": [
    4.06420728699959,
    4.051052496997727,
    4.025453563001065,
    4.028981177001697,
    4.056455570000253,
    4.0218894190002175,
    4.015246307997586,
    4.009095162000449,
    4.045147267002903,
    4.05747594100103
  ],
  "prusti-tests/tests/verify/pass/rosetta/Ackermann_function.rs": [
    3.1019978360018285,
    3.0636139439993713,
    3.1095380629994906,
    3.0371163570016506,
    3.0981813299986243,
    3.0817265389996464,
    3.066180104000523,
    3.0991678799982765,
    3.0626916520013765,
    3.100763261998509
  ],
  "prusti-tests/tests/verify/pass/rosetta/Heapsort.rs": [
    46.26159089700013,
    46.158902568000485,
    46.534557438000775,
    46.099552396000945,
    46.02636163400166,
    46.03674748300182,
    46.343504919001134,
    46.206650448999426,
    46.26984285599974,
    46.29437557200072
  ]
}